Performance Measure,Cycle0,Cycle1
Classification_Accuracy,0.3345,0.3425
Global_F1,0.33440733,0.34198484
Precision_2,0.3281493,0.33333334
Precision_1,0.354067,0.35875705
Precision_0,0.32328767,0.3338633
Recall_2,0.32361963,0.33895704
F1_0,0.33738384,0.32357475
Recall_1,0.32695138,0.37407953
Recall_0,0.35276532,0.31390134
F1_1,0.3399694,0.3662581
F1_2,0.32586873,0.33612168
